dataset, model, attack, eps, defense, date, acc
mnist, A, bpda_bim, 0.3, defense_gan, 2021-11-17 00:09, 0.9659296482412061
mnist, D, bpda_fgsm, 0.05, defense_gan, 2021-11-01 19:28, 0.9745728643216081
mnist, E, bpda_fgsm, 0.05, defense_gan, 2021-11-01 19:28, 0.977286432160804
mnist, F, bpda_fgsm, 0.05, defense_gan, 2021-11-01 19:28, 0.9795979899497488
mnist, C, bpda_fgsm, 0.05, defense_gan, 2021-11-01 19:28, 0.9812060301507538
mnist, A, bpda_fgsm, 0.05, defense_gan, 2021-11-01 19:28, 0.9821105527638191
mnist, B, bpda_fgsm, 0.05, defense_gan, 2021-11-01 19:28, 0.9585929648241206
mnist, E, bpda_fgsm, 0.1, defense_gan, 2021-11-01 19:28, 0.9767839195979899
mnist, D, bpda_fgsm, 0.1, defense_gan, 2021-11-01 19:28, 0.9751758793969849
mnist, F, bpda_fgsm, 0.1, defense_gan, 2021-11-01 19:28, 0.9821105527638191
mnist, C, bpda_fgsm, 0.1, defense_gan, 2021-11-01 19:28, 0.9822110552763819
mnist, B, bpda_fgsm, 0.1, defense_gan, 2021-11-01 19:28, 0.9594974874371859
mnist, A, bpda_fgsm, 0.1, defense_gan, 2021-11-01 19:28, 0.9831155778894473
mnist, E, bpda_fgsm, 0.2, defense_gan, 2021-11-01 19:28, 0.9761809045226131
mnist, D, bpda_fgsm, 0.2, defense_gan, 2021-11-01 19:28, 0.9754773869346733
mnist, F, bpda_fgsm, 0.2, defense_gan, 2021-11-01 19:28, 0.9820100502512563
mnist, C, bpda_fgsm, 0.2, defense_gan, 2021-11-01 19:28, 0.9829145728643216
mnist, A, bpda_fgsm, 0.2, defense_gan, 2021-11-01 19:28, 0.9829145728643216
mnist, B, bpda_fgsm, 0.2, defense_gan, 2021-11-01 19:28, 0.9573869346733669
mnist, E, bpda_fgsm, 0.3, defense_gan, 2021-11-01 19:28, 0.9753768844221106
mnist, D, bpda_fgsm, 0.3, defense_gan, 2021-11-01 19:28, 0.972964824120603
mnist, F, bpda_fgsm, 0.3, defense_gan, 2021-11-01 19:28, 0.9809045226130654
mnist, C, bpda_fgsm, 0.3, defense_gan, 2021-11-01 19:28, 0.9830150753768844
mnist, A, bpda_fgsm, 0.3, defense_gan, 2021-11-01 19:28, 0.9824120603015075
mnist, B, bpda_fgsm, 0.3, defense_gan, 2021-11-01 19:28, 0.9552763819095478
mnist, C, fgsm, 0.05, defense_gan, 2021-11-07 22:08, 0.9782914572864322
mnist, A, pgd, 0.05, defense_gan, 2021-11-07 22:07, 0.9765829145728643
mnist, E, fgsm, 0.05, defense_gan, 2021-11-07 22:09, 0.9709547738693467
mnist, D, fgsm, 0.05, defense_gan, 2021-11-07 22:08, 0.9696482412060301
mnist, F, fgsm, 0.05, defense_gan, 2021-11-07 22:09, 0.9777889447236181
mnist, A, fgsm, 0.05, defense_gan, 2021-11-07 22:08, 0.9782914572864322
mnist, B, fgsm, 0.05, defense_gan, 2021-11-07 22:08, 0.9507537688442211
mnist, C, pgd, 0.05, defense_gan, 2021-11-07 22:08, 0.9793969849246231
mnist, C, mim, 0.05, defense_gan, 2021-11-07 22:08, 0.3846231155778895
mnist, E, pgd, 0.05, defense_gan, 2021-11-07 22:09, 0.9706532663316583
mnist, D, pgd, 0.05, defense_gan, 2021-11-07 22:08, 0.9694472361809046
mnist, F, pgd, 0.05, defense_gan, 2021-11-07 22:09, 0.9780904522613065
mnist, A, mim, 0.05, defense_gan, 2021-11-07 22:07, 0.3647236180904523
mnist, A, pgd, 0.05, defense_gan, 2021-11-07 22:08, 0.9797989949748743
mnist, B, pgd, 0.05, defense_gan, 2021-11-07 22:08, 0.9554773869346733
mnist, C, cw, 0.05, defense_gan, 2021-11-07 22:08, 0.26110552763819095
mnist, E, mim, 0.05, defense_gan, 2021-11-07 22:09, 0.03969849246231156
mnist, F, mim, 0.05, defense_gan, 2021-11-07 22:09, 0.22442211055276381
mnist, D, mim, 0.05, defense_gan, 2021-11-07 22:08, 0.016381909547738695
mnist, A, cw, 0.05, defense_gan, 2021-11-07 22:07, 0.2871356783919598
mnist, A, mim, 0.05, defense_gan, 2021-11-07 22:08, 0.4055276381909548
mnist, B, mim, 0.05, defense_gan, 2021-11-07 22:08, 0.050954773869346735
mnist, F, cw, 0.05, defense_gan, 2021-11-07 22:09, 0.23678391959798994
mnist, D, cw, 0.05, defense_gan, 2021-11-07 22:08, 0.1178894472361809
mnist, E, cw, 0.05, defense_gan, 2021-11-07 22:09, 0.11678391959798995
mnist, A, cw, 0.05, defense_gan, 2021-11-07 22:08, 0.28261306532663316
mnist, B, cw, 0.05, defense_gan, 2021-11-07 22:08, 0.23768844221105528
mnist, D, fgsm, 0.05, defense_gan, 2021-11-09 23:52, 0.9700502512562814
mnist, C, fgsm, 0.05, defense_gan, 2021-11-09 23:52, 0.9785929648241206
mnist, D, fgsm, 0.1, defense_gan, 2021-11-09 23:52, 0.960502512562814
mnist, E, fgsm, 0.05, defense_gan, 2021-11-09 23:52, 0.9714572864321608
mnist, F, fgsm, 0.05, defense_gan, 2021-11-09 23:52, 0.9731658291457287
mnist, A, fgsm, 0.05, defense_gan, 2021-11-09 23:52, 0.9784924623115578
mnist, B, fgsm, 0.05, defense_gan, 2021-11-09 23:52, 0.954070351758794
mnist, C, fgsm, 0.1, defense_gan, 2021-11-09 23:52, 0.9750753768844221
mnist, D, fgsm, 0.2, defense_gan, 2021-11-09 23:52, 0.9180904522613065
mnist, C, fgsm, 0.2, defense_gan, 2021-11-09 23:52, 0.9577889447236181
mnist, D, fgsm, 0.3, defense_gan, 2021-11-09 23:52, 0.8010050251256281
mnist, E, fgsm, 0.1, defense_gan, 2021-11-09 23:52, 0.9604020100502513
mnist, F, fgsm, 0.1, defense_gan, 2021-11-09 23:52, 0.9710552763819096
mnist, A, fgsm, 0.1, defense_gan, 2021-11-09 23:52, 0.9737688442211055
mnist, B, fgsm, 0.1, defense_gan, 2021-11-09 23:52, 0.9393969849246231
mnist, C, fgsm, 0.3, defense_gan, 2021-11-09 23:52, 0.9064321608040201
mnist, D, pgd, 0.05, defense_gan, 2021-11-09 23:52, 0.9699497487437186
mnist, C, pgd, 0.05, defense_gan, 2021-11-09 23:52, 0.9793969849246231
mnist, D, pgd, 0.1, defense_gan, 2021-11-09 23:52, 0.9674371859296482
mnist, E, fgsm, 0.2, defense_gan, 2021-11-09 23:52, 0.9101507537688442
mnist, F, fgsm, 0.2, defense_gan, 2021-11-09 23:52, 0.9360804020100503
mnist, A, fgsm, 0.2, defense_gan, 2021-11-09 23:52, 0.9516582914572864
mnist, B, fgsm, 0.2, defense_gan, 2021-11-09 23:52, 0.9005025125628141
mnist, C, pgd, 0.1, defense_gan, 2021-11-09 23:52, 0.9770854271356784
mnist, D, pgd, 0.2, defense_gan, 2021-11-09 23:52, 0.9652261306532663
mnist, C, pgd, 0.2, defense_gan, 2021-11-09 23:52, 0.9742713567839196
mnist, D, pgd, 0.3, defense_gan, 2021-11-09 23:52, 0.9608040201005025
mnist, F, fgsm, 0.3, defense_gan, 2021-11-09 23:52, 0.8487437185929648
mnist, E, fgsm, 0.3, defense_gan, 2021-11-09 23:52, 0.7938693467336684
mnist, A, fgsm, 0.3, defense_gan, 2021-11-09 23:52, 0.8855276381909548
mnist, B, fgsm, 0.3, defense_gan, 2021-11-09 23:52, 0.7805025125628141
mnist, C, pgd, 0.3, defense_gan, 2021-11-09 23:52, 0.9749748743718593
mnist, D, mim, 0.05, defense_gan, 2021-11-09 23:52, 0.015577889447236181
mnist, C, mim, 0.05, defense_gan, 2021-11-09 23:52, 0.39386934673366836
mnist, F, pgd, 0.05, defense_gan, 2021-11-09 23:52, 0.9743718592964824
mnist, D, mim, 0.1, defense_gan, 2021-11-09 23:52, 0.01507537688442211
mnist, E, pgd, 0.05, defense_gan, 2021-11-09 23:52, 0.9698492462311558
mnist, A, pgd, 0.05, defense_gan, 2021-11-09 23:52, 0.9764824120603015
mnist, B, pgd, 0.05, defense_gan, 2021-11-09 23:52, 0.9560804020100503
mnist, C, mim, 0.1, defense_gan, 2021-11-09 23:52, 0.4263316582914573
mnist, D, mim, 0.2, defense_gan, 2021-11-09 23:52, 0.015678391959798994
mnist, F, pgd, 0.1, defense_gan, 2021-11-09 23:52, 0.9739698492462312
mnist, E, pgd, 0.1, defense_gan, 2021-11-09 23:52, 0.9669346733668341
mnist, D, mim, 0.3, defense_gan, 2021-11-09 23:52, 0.014170854271356784
mnist, C, mim, 0.2, defense_gan, 2021-11-09 23:52, 0.37829145728643215
mnist, A, pgd, 0.1, defense_gan, 2021-11-09 23:52, 0.9770854271356784
mnist, B, pgd, 0.1, defense_gan, 2021-11-09 23:52, 0.955678391959799
mnist, D, cw, 0.05, defense_gan, 2021-11-09 23:52, 0.12160804020100502
mnist, C, mim, 0.3, defense_gan, 2021-11-09 23:52, 0.37386934673366834
mnist, F, pgd, 0.2, defense_gan, 2021-11-09 23:52, 0.9717587939698492
mnist, E, pgd, 0.2, defense_gan, 2021-11-09 23:52, 0.963819095477387
mnist, D, cw, 0.1, defense_gan, 2021-11-09 23:52, 0.11587939698492462
mnist, C, cw, 0.05, defense_gan, 2021-11-09 23:52, 0.21175879396984926
mnist, A, pgd, 0.2, defense_gan, 2021-11-09 23:52, 0.9753768844221106
mnist, B, pgd, 0.2, defense_gan, 2021-11-09 23:52, 0.9539698492462312
mnist, D, cw, 0.2, defense_gan, 2021-11-09 23:52, 0.11798994974874372
mnist, C, cw, 0.1, defense_gan, 2021-11-09 23:52, 0.23537688442211055
mnist, F, pgd, 0.3, defense_gan, 2021-11-09 23:52, 0.9667336683417086
mnist, E, pgd, 0.3, defense_gan, 2021-11-09 23:52, 0.9589949748743719
mnist, D, cw, 0.3, defense_gan, 2021-11-09 23:52, 0.11869346733668341
mnist, A, pgd, 0.3, defense_gan, 2021-11-09 23:52, 0.9745728643216081
mnist, C, cw, 0.2, defense_gan, 2021-11-09 23:52, 0.25909547738693467
mnist, B, pgd, 0.3, defense_gan, 2021-11-09 23:52, 0.9499497487437186
mnist, C, cw, 0.3, defense_gan, 2021-11-09 23:52, 0.2249246231155779
mnist, F, mim, 0.05, defense_gan, 2021-11-09 23:52, 0.2006030150753769
mnist, E, mim, 0.05, defense_gan, 2021-11-09 23:52, 0.03376884422110553
mnist, A, mim, 0.05, defense_gan, 2021-11-09 23:52, 0.410251256281407
mnist, B, mim, 0.05, defense_gan, 2021-11-09 23:52, 0.028743718592964825
mnist, F, mim, 0.1, defense_gan, 2021-11-09 23:52, 0.24321608040201004
mnist, E, mim, 0.1, defense_gan, 2021-11-09 23:52, 0.04120603015075377
mnist, A, mim, 0.1, defense_gan, 2021-11-09 23:52, 0.36824120603015076
mnist, B, mim, 0.1, defense_gan, 2021-11-09 23:52, 0.06592964824120603
mnist, F, mim, 0.2, defense_gan, 2021-11-09 23:52, 0.2241206030150754
mnist, E, mim, 0.2, defense_gan, 2021-11-09 23:52, 0.04050251256281407
mnist, A, mim, 0.2, defense_gan, 2021-11-09 23:52, 0.40241206030150756
mnist, B, mim, 0.2, defense_gan, 2021-11-09 23:52, 0.025326633165829147
mnist, E, mim, 0.3, defense_gan, 2021-11-09 23:52, 0.03819095477386935
mnist, F, mim, 0.3, defense_gan, 2021-11-09 23:52, 0.19597989949748743
mnist, A, mim, 0.3, defense_gan, 2021-11-09 23:52, 0.39718592964824123
mnist, B, mim, 0.3, defense_gan, 2021-11-09 23:52, 0.043718592964824124
mnist, E, cw, 0.05, defense_gan, 2021-11-09 23:52, 0.11869346733668341
mnist, F, cw, 0.05, defense_gan, 2021-11-09 23:52, 0.23608040201005026
mnist, A, cw, 0.05, defense_gan, 2021-11-09 23:52, 0.3052261306532663
mnist, E, cw, 0.1, defense_gan, 2021-11-09 23:52, 0.11487437185929648
mnist, B, cw, 0.05, defense_gan, 2021-11-09 23:52, 0.24231155778894473
mnist, F, cw, 0.1, defense_gan, 2021-11-09 23:52, 0.23768844221105528
mnist, A, cw, 0.1, defense_gan, 2021-11-09 23:52, 0.27969849246231154
mnist, E, cw, 0.2, defense_gan, 2021-11-09 23:52, 0.1185929648241206
mnist, B, cw, 0.1, defense_gan, 2021-11-09 23:52, 0.2522613065326633
mnist, F, cw, 0.2, defense_gan, 2021-11-09 23:52, 0.22914572864321608
mnist, A, cw, 0.2, defense_gan, 2021-11-09 23:52, 0.2828140703517588
mnist, E, cw, 0.3, defense_gan, 2021-11-09 23:52, 0.12110552763819095
mnist, B, cw, 0.2, defense_gan, 2021-11-09 23:52, 0.2464321608040201
mnist, F, cw, 0.3, defense_gan, 2021-11-09 23:52, 0.22613065326633167
mnist, A, cw, 0.3, defense_gan, 2021-11-09 23:52, 0.2792964824120603
mnist, B, cw, 0.3, defense_gan, 2021-11-09 23:52, 0.24231155778894473
mnist, D, pgd, 0.05, defense_gan, 2021-11-14 13:19, 0.9702512562814071
mnist, C, pgd, 0.05, defense_gan, 2021-11-14 13:19, 0.9815075376884422
mnist, E, pgd, 0.05, defense_gan, 2021-11-14 13:19, 0.972964824120603
mnist, D, pgd, 0.1, defense_gan, 2021-11-14 13:19, 0.9631155778894472
mnist, F, pgd, 0.05, defense_gan, 2021-11-14 13:19, 0.9760804020100502
mnist, A, pgd, 0.05, defense_gan, 2021-11-14 13:18, 0.98
mnist, B, pgd, 0.05, defense_gan, 2021-11-14 13:19, 0.9566834170854271
mnist, C, pgd, 0.1, defense_gan, 2021-11-14 13:19, 0.9754773869346733
mnist, D, pgd, 0.2, defense_gan, 2021-11-14 13:19, 0.9366834170854271
mnist, C, pgd, 0.2, defense_gan, 2021-11-14 13:19, 0.9601005025125628
mnist, E, pgd, 0.1, defense_gan, 2021-11-14 13:19, 0.9633165829145729
mnist, D, pgd, 0.3, defense_gan, 2021-11-14 13:19, 0.8657286432160805
mnist, F, pgd, 0.1, defense_gan, 2021-11-14 13:19, 0.9705527638190955
mnist, A, pgd, 0.1, defense_gan, 2021-11-14 13:18, 0.9733668341708542
mnist, B, pgd, 0.1, defense_gan, 2021-11-14 13:19, 0.9536683417085428
mnist, C, pgd, 0.3, defense_gan, 2021-11-14 13:19, 0.9448241206030151
mnist, D, mim, 0.05, defense_gan, 2021-11-14 13:19, 0.9678391959798995
mnist, C, mim, 0.05, defense_gan, 2021-11-14 13:19, 0.9785929648241206
mnist, E, pgd, 0.2, defense_gan, 2021-11-14 13:19, 0.9266331658291457
mnist, F, pgd, 0.2, defense_gan, 2021-11-14 13:19, 0.9499497487437186
mnist, D, mim, 0.1, defense_gan, 2021-11-14 13:19, 0.9589949748743719
mnist, A, pgd, 0.2, defense_gan, 2021-11-14 13:18, 0.964321608040201
mnist, B, pgd, 0.2, defense_gan, 2021-11-14 13:19, 0.9440201005025126
mnist, C, mim, 0.1, defense_gan, 2021-11-14 13:19, 0.9747738693467337
mnist, D, mim, 0.2, defense_gan, 2021-11-14 13:19, 0.9248241206030151
mnist, C, mim, 0.2, defense_gan, 2021-11-14 13:19, 0.9608040201005025
mnist, E, pgd, 0.3, defense_gan, 2021-11-14 13:19, 0.8536683417085427
mnist, F, pgd, 0.3, defense_gan, 2021-11-14 13:19, 0.894070351758794
mnist, D, mim, 0.3, defense_gan, 2021-11-14 13:19, 0.8265326633165829
mnist, A, pgd, 0.3, defense_gan, 2021-11-14 13:18, 0.9424120603015076
mnist, B, pgd, 0.3, defense_gan, 2021-11-14 13:19, 0.911356783919598
mnist, C, mim, 0.3, defense_gan, 2021-11-14 13:19, 0.8977889447236181
mnist, D, bim, 0.05, defense_gan, 2021-11-14 13:19, 0.9684422110552764
mnist, E, mim, 0.05, defense_gan, 2021-11-14 13:19, 0.9714572864321608
mnist, C, bim, 0.05, defense_gan, 2021-11-14 13:19, 0.9792964824120604
mnist, F, mim, 0.05, defense_gan, 2021-11-14 13:19, 0.9755778894472362
mnist, D, bim, 0.1, defense_gan, 2021-11-14 13:19, 0.9651256281407036
mnist, A, mim, 0.05, defense_gan, 2021-11-14 13:18, 0.9774874371859297
mnist, B, mim, 0.05, defense_gan, 2021-11-14 13:19, 0.9521608040201005
mnist, D, bim, 0.2, defense_gan, 2021-11-14 13:19, 0.9312562814070352
mnist, C, bim, 0.1, defense_gan, 2021-11-14 13:19, 0.974070351758794
mnist, E, mim, 0.1, defense_gan, 2021-11-14 13:19, 0.9602010050251256
mnist, F, mim, 0.1, defense_gan, 2021-11-14 13:19, 0.9673366834170855
mnist, D, bim, 0.3, defense_gan, 2021-11-14 13:19, 0.8542713567839196
mnist, C, bim, 0.2, defense_gan, 2021-11-14 13:19, 0.962211055276382
mnist, A, mim, 0.1, defense_gan, 2021-11-14 13:18, 0.9731658291457287
mnist, B, mim, 0.1, defense_gan, 2021-11-14 13:19, 0.9472361809045227
mnist, D, cw, 0.05, defense_gan, 2021-11-14 13:19, 0.12050251256281407
mnist, C, bim, 0.3, defense_gan, 2021-11-14 13:19, 0.9300502512562814
mnist, F, mim, 0.2, defense_gan, 2021-11-14 13:19, 0.9305527638190955
mnist, E, mim, 0.2, defense_gan, 2021-11-14 13:19, 0.9163819095477387
mnist, D, cw, 0.1, defense_gan, 2021-11-14 13:19, 0.12060301507537688
mnist, C, cw, 0.05, defense_gan, 2021-11-14 13:19, 0.21939698492462312
mnist, A, mim, 0.2, defense_gan, 2021-11-14 13:18, 0.9528643216080402
mnist, B, mim, 0.2, defense_gan, 2021-11-14 13:19, 0.9100502512562814
mnist, D, cw, 0.2, defense_gan, 2021-11-14 13:19, 0.11959798994974874
mnist, C, cw, 0.1, defense_gan, 2021-11-14 13:19, 0.24110552763819096
mnist, E, mim, 0.3, defense_gan, 2021-11-14 13:19, 0.8076381909547738
mnist, F, mim, 0.3, defense_gan, 2021-11-14 13:19, 0.8563819095477387
mnist, D, cw, 0.3, defense_gan, 2021-11-14 13:19, 0.11768844221105527
mnist, C, cw, 0.2, defense_gan, 2021-11-14 13:19, 0.24914572864321607
mnist, A, mim, 0.3, defense_gan, 2021-11-14 13:18, 0.891859296482412
mnist, D, fgsm, 0.05, defense_gan, 2021-11-14 13:19, 0.9702512562814071
mnist, B, mim, 0.3, defense_gan, 2021-11-14 13:19, 0.8253266331658291
mnist, C, cw, 0.3, defense_gan, 2021-11-14 13:19, 0.28824120603015074
mnist, E, bim, 0.05, defense_gan, 2021-11-14 13:19, 0.9716582914572864
mnist, F, bim, 0.05, defense_gan, 2021-11-14 13:19, 0.9762814070351759
mnist, D, fgsm, 0.1, defense_gan, 2021-11-14 13:19, 0.9625125628140704
mnist, C, fgsm, 0.05, defense_gan, 2021-11-14 13:19, 0.9759798994974874
mnist, A, bim, 0.05, defense_gan, 2021-11-14 13:18, 0.9787939698492463
mnist, D, fgsm, 0.2, defense_gan, 2021-11-14 13:19, 0.9193969849246231
mnist, B, bim, 0.05, defense_gan, 2021-11-14 13:19, 0.9577889447236181
mnist, E, bim, 0.1, defense_gan, 2021-11-14 13:19, 0.9598994974874372
mnist, C, fgsm, 0.1, defense_gan, 2021-11-14 13:19, 0.9755778894472362
mnist, F, bim, 0.1, defense_gan, 2021-11-14 13:19, 0.9696482412060301
mnist, D, fgsm, 0.3, defense_gan, 2021-11-14 13:19, 0.8031155778894472
mnist, C, fgsm, 0.2, defense_gan, 2021-11-14 13:19, 0.9565829145728644
mnist, A, bim, 0.1, defense_gan, 2021-11-14 13:18, 0.9723618090452262
mnist, B, bim, 0.1, defense_gan, 2021-11-14 13:19, 0.9505527638190955
mnist, E, bim, 0.2, defense_gan, 2021-11-14 13:19, 0.9248241206030151
mnist, F, bim, 0.2, defense_gan, 2021-11-14 13:19, 0.9374874371859296
mnist, C, fgsm, 0.3, defense_gan, 2021-11-14 13:19, 0.9071356783919599
mnist, A, bim, 0.2, defense_gan, 2021-11-14 13:18, 0.9576884422110553
mnist, B, bim, 0.2, defense_gan, 2021-11-14 13:19, 0.9264321608040201
mnist, E, bim, 0.3, defense_gan, 2021-11-14 13:19, 0.8386934673366834
mnist, F, bim, 0.3, defense_gan, 2021-11-14 13:19, 0.8869346733668342
mnist, A, bim, 0.3, defense_gan, 2021-11-14 13:18, 0.9276381909547738
mnist, E, cw, 0.05, defense_gan, 2021-11-14 13:19, 0.115678391959799
mnist, B, bim, 0.3, defense_gan, 2021-11-14 13:19, 0.8797989949748743
mnist, F, cw, 0.05, defense_gan, 2021-11-14 13:19, 0.22834170854271357
mnist, A, cw, 0.05, defense_gan, 2021-11-14 13:18, 0.3072361809045226
mnist, E, cw, 0.1, defense_gan, 2021-11-14 13:19, 0.11889447236180904
mnist, B, cw, 0.05, defense_gan, 2021-11-14 13:19, 0.2449246231155779
mnist, F, cw, 0.1, defense_gan, 2021-11-14 13:19, 0.2314572864321608
mnist, A, cw, 0.1, defense_gan, 2021-11-14 13:18, 0.2735678391959799
mnist, E, cw, 0.2, defense_gan, 2021-11-14 13:19, 0.11829145728643216
mnist, F, cw, 0.2, defense_gan, 2021-11-14 13:19, 0.20673366834170853
mnist, B, cw, 0.1, defense_gan, 2021-11-14 13:19, 0.24994974874371859
mnist, A, cw, 0.2, defense_gan, 2021-11-14 13:18, 0.31537688442211054
mnist, E, cw, 0.3, defense_gan, 2021-11-14 13:19, 0.11557788944723618
mnist, F, cw, 0.3, defense_gan, 2021-11-14 13:19, 0.23447236180904524
mnist, B, cw, 0.2, defense_gan, 2021-11-14 13:19, 0.23206030150753768
mnist, A, cw, 0.3, defense_gan, 2021-11-14 13:18, 0.2692462311557789
mnist, E, fgsm, 0.05, defense_gan, 2021-11-14 13:19, 0.9687437185929648
mnist, F, fgsm, 0.05, defense_gan, 2021-11-14 13:19, 0.9770854271356784
mnist, B, cw, 0.3, defense_gan, 2021-11-14 13:19, 0.2294472361809045
mnist, A, fgsm, 0.05, defense_gan, 2021-11-14 13:18, 0.9767839195979899
mnist, E, fgsm, 0.1, defense_gan, 2021-11-14 13:19, 0.9604020100502513
mnist, F, fgsm, 0.1, defense_gan, 2021-11-14 13:19, 0.9673366834170855
mnist, B, fgsm, 0.05, defense_gan, 2021-11-14 13:19, 0.9569849246231156
mnist, A, fgsm, 0.1, defense_gan, 2021-11-14 13:18, 0.9714572864321608
mnist, E, fgsm, 0.2, defense_gan, 2021-11-14 13:19, 0.9090452261306533
mnist, F, fgsm, 0.2, defense_gan, 2021-11-14 13:19, 0.9360804020100503
mnist, B, fgsm, 0.1, defense_gan, 2021-11-14 13:19, 0.9428140703517588
mnist, A, fgsm, 0.2, defense_gan, 2021-11-14 13:18, 0.9532663316582914
mnist, E, fgsm, 0.3, defense_gan, 2021-11-14 13:19, 0.787035175879397
mnist, F, fgsm, 0.3, defense_gan, 2021-11-14 13:19, 0.8618090452261307
mnist, B, fgsm, 0.2, defense_gan, 2021-11-14 13:19, 0.8989949748743719
mnist, A, fgsm, 0.3, defense_gan, 2021-11-14 13:18, 0.8840201005025126
mnist, B, fgsm, 0.3, defense_gan, 2021-11-14 13:19, 0.7628140703517587
mnist, E, bpda_fgsm, 0.05, defense_gan, 2021-11-16 13:08, 0.9758793969849247
mnist, D, bpda_fgsm, 0.05, defense_gan, 2021-11-16 13:08, 0.975678391959799
mnist, F, bpda_fgsm, 0.05, defense_gan, 2021-11-16 13:08, 0.982713567839196
mnist, C, bpda_fgsm, 0.05, defense_gan, 2021-11-16 13:08, 0.9824120603015075
mnist, B, bpda_fgsm, 0.05, defense_gan, 2021-11-16 13:08, 0.9607035175879397
mnist, A, bpda_fgsm, 0.05, defense_gan, 2021-11-16 13:08, 0.9813065326633166
mnist, E, bpda_fgsm, 0.1, defense_gan, 2021-11-16 13:08, 0.9762814070351759
mnist, D, bpda_fgsm, 0.1, defense_gan, 2021-11-16 13:08, 0.9725628140703517
mnist, F, bpda_fgsm, 0.1, defense_gan, 2021-11-16 13:08, 0.9835175879396985
mnist, C, bpda_fgsm, 0.1, defense_gan, 2021-11-16 13:08, 0.9791959798994975
mnist, B, bpda_fgsm, 0.1, defense_gan, 2021-11-16 13:08, 0.9551758793969849
mnist, A, bpda_fgsm, 0.1, defense_gan, 2021-11-16 13:08, 0.9810050251256281
mnist, D, bpda_fgsm, 0.05, defense_gan, 2021-11-17 00:09, 0.9702512562814071
mnist, C, bpda_fgsm, 0.05, defense_gan, 2021-11-17 00:09, 0.9793969849246231
mnist, E, bpda_fgsm, 0.05, defense_gan, 2021-11-17 00:09, 0.9691457286432161
mnist, F, bpda_fgsm, 0.05, defense_gan, 2021-11-17 00:09, 0.9763819095477387
mnist, A, bpda_fgsm, 0.05, defense_gan, 2021-11-17 00:09, 0.9776884422110553
mnist, B, bpda_fgsm, 0.05, defense_gan, 2021-11-17 00:09, 0.9505527638190955
mnist, D, bpda_fgsm, 0.1, defense_gan, 2021-11-17 00:09, 0.9626130653266332
mnist, C, bpda_fgsm, 0.1, defense_gan, 2021-11-17 00:09, 0.9734673366834171
mnist, E, bpda_fgsm, 0.1, defense_gan, 2021-11-17 00:09, 0.9614070351758794
mnist, F, bpda_fgsm, 0.1, defense_gan, 2021-11-17 00:09, 0.967035175879397
mnist, A, bpda_fgsm, 0.1, defense_gan, 2021-11-17 00:09, 0.9725628140703517
mnist, B, bpda_fgsm, 0.1, defense_gan, 2021-11-17 00:09, 0.9431155778894472
mnist, D, bpda_fgsm, 0.2, defense_gan, 2021-11-17 00:09, 0.9204020100502512
mnist, C, bpda_fgsm, 0.2, defense_gan, 2021-11-17 00:09, 0.9589949748743719
mnist, E, bpda_fgsm, 0.2, defense_gan, 2021-11-17 00:09, 0.9138693467336684
mnist, F, bpda_fgsm, 0.2, defense_gan, 2021-11-17 00:09, 0.9266331658291457
mnist, A, bpda_fgsm, 0.2, defense_gan, 2021-11-17 00:09, 0.954070351758794
mnist, B, bpda_fgsm, 0.2, defense_gan, 2021-11-17 00:09, 0.8990954773869346
mnist, D, bpda_fgsm, 0.3, defense_gan, 2021-11-17 00:09, 0.8152763819095478
mnist, C, bpda_fgsm, 0.3, defense_gan, 2021-11-17 00:09, 0.9023115577889447
mnist, E, bpda_fgsm, 0.3, defense_gan, 2021-11-17 00:09, 0.798894472361809
mnist, F, bpda_fgsm, 0.3, defense_gan, 2021-11-17 00:09, 0.8694472361809045
mnist, A, bpda_fgsm, 0.3, defense_gan, 2021-11-17 00:09, 0.8861306532663317
mnist, B, bpda_fgsm, 0.3, defense_gan, 2021-11-17 00:09, 0.7784924623115578
mnist, D, bpda_pgd, 0.05, defense_gan, 2021-11-17 00:09, 0.9721608040201005
mnist, C, bpda_pgd, 0.05, defense_gan, 2021-11-17 00:09, 0.9781909547738693
mnist, E, bpda_pgd, 0.05, defense_gan, 2021-11-17 00:09, 0.9695477386934673
mnist, F, bpda_pgd, 0.05, defense_gan, 2021-11-17 00:09, 0.9782914572864322
mnist, A, bpda_pgd, 0.05, defense_gan, 2021-11-17 00:09, 0.9786934673366834
mnist, B, bpda_pgd, 0.05, defense_gan, 2021-11-17 00:09, 0.9538693467336683
mnist, D, bpda_pgd, 0.1, defense_gan, 2021-11-17 00:09, 0.9621105527638191
mnist, C, bpda_pgd, 0.1, defense_gan, 2021-11-17 00:09, 0.9741708542713567
mnist, E, bpda_pgd, 0.1, defense_gan, 2021-11-17 00:09, 0.9591959798994975
mnist, F, bpda_pgd, 0.1, defense_gan, 2021-11-17 00:09, 0.9685427135678392
mnist, A, bpda_pgd, 0.1, defense_gan, 2021-11-17 00:09, 0.9721608040201005
mnist, B, bpda_pgd, 0.1, defense_gan, 2021-11-17 00:09, 0.945427135678392
mnist, D, bpda_pgd, 0.2, defense_gan, 2021-11-17 00:09, 0.9187939698492462
mnist, C, bpda_pgd, 0.2, defense_gan, 2021-11-17 00:09, 0.9546733668341708
mnist, E, bpda_pgd, 0.2, defense_gan, 2021-11-17 00:09, 0.9064321608040201
mnist, F, bpda_pgd, 0.2, defense_gan, 2021-11-17 00:09, 0.9266331658291457
mnist, A, bpda_pgd, 0.2, defense_gan, 2021-11-17 00:09, 0.9505527638190955
mnist, B, bpda_pgd, 0.2, defense_gan, 2021-11-17 00:09, 0.9026130653266332
mnist, D, bpda_pgd, 0.3, defense_gan, 2021-11-17 00:09, 0.7874371859296483
mnist, C, bpda_pgd, 0.3, defense_gan, 2021-11-17 00:09, 0.8931658291457286
mnist, E, bpda_pgd, 0.3, defense_gan, 2021-11-17 00:09, 0.7779899497487437
mnist, F, bpda_pgd, 0.3, defense_gan, 2021-11-17 00:09, 0.8369849246231156
mnist, D, bpda_mim, 0.05, defense_gan, 2021-11-17 00:09, 0.9701507537688442
mnist, A, bpda_pgd, 0.3, defense_gan, 2021-11-17 00:09, 0.8734673366834171
mnist, B, bpda_pgd, 0.3, defense_gan, 2021-11-17 00:09, 0.7559798994974875
mnist, C, bpda_mim, 0.05, defense_gan, 2021-11-17 00:09, 0.9777889447236181
mnist, E, bpda_mim, 0.05, defense_gan, 2021-11-17 00:09, 0.9696482412060301
mnist, D, bpda_mim, 0.1, defense_gan, 2021-11-17 00:09, 0.9608040201005025
mnist, F, bpda_mim, 0.05, defense_gan, 2021-11-17 00:09, 0.9752763819095477
mnist, C, bpda_mim, 0.1, defense_gan, 2021-11-17 00:09, 0.9737688442211055
mnist, A, bpda_mim, 0.05, defense_gan, 2021-11-17 00:09, 0.9777889447236181
mnist, B, bpda_mim, 0.05, defense_gan, 2021-11-17 00:09, 0.9475376884422111
mnist, D, bpda_mim, 0.2, defense_gan, 2021-11-17 00:09, 0.9153768844221105
mnist, E, bpda_mim, 0.1, defense_gan, 2021-11-17 00:09, 0.9577889447236181
mnist, F, bpda_mim, 0.1, defense_gan, 2021-11-17 00:09, 0.9671356783919598
mnist, C, bpda_mim, 0.2, defense_gan, 2021-11-17 00:09, 0.9495477386934673
mnist, A, bpda_mim, 0.1, defense_gan, 2021-11-17 00:09, 0.972462311557789
mnist, B, bpda_mim, 0.1, defense_gan, 2021-11-17 00:09, 0.9435175879396985
mnist, D, bpda_mim, 0.3, defense_gan, 2021-11-17 00:09, 0.7889447236180904
mnist, E, bpda_mim, 0.2, defense_gan, 2021-11-17 00:09, 0.9087437185929649
mnist, F, bpda_mim, 0.2, defense_gan, 2021-11-17 00:09, 0.9298492462311557
mnist, C, bpda_mim, 0.3, defense_gan, 2021-11-17 00:09, 0.8911557788944724
mnist, A, bpda_mim, 0.2, defense_gan, 2021-11-17 00:09, 0.9472361809045227
mnist, B, bpda_mim, 0.2, defense_gan, 2021-11-17 00:09, 0.8911557788944724
mnist, D, bpda_bim, 0.05, defense_gan, 2021-11-17 00:09, 0.9739698492462312
mnist, E, bpda_mim, 0.3, defense_gan, 2021-11-17 00:09, 0.7780904522613066
mnist, F, bpda_mim, 0.3, defense_gan, 2021-11-17 00:09, 0.8396984924623115
mnist, C, bpda_bim, 0.05, defense_gan, 2021-11-17 00:09, 0.9814070351758793
mnist, D, bpda_bim, 0.1, defense_gan, 2021-11-17 00:09, 0.9759798994974874
mnist, A, bpda_mim, 0.3, defense_gan, 2021-11-17 00:09, 0.8673366834170855
mnist, B, bpda_mim, 0.3, defense_gan, 2021-11-17 00:09, 0.7495477386934674
mnist, E, bpda_bim, 0.05, defense_gan, 2021-11-17 00:09, 0.9761809045226131
mnist, C, bpda_bim, 0.1, defense_gan, 2021-11-17 00:09, 0.9829145728643216
mnist, F, bpda_bim, 0.05, defense_gan, 2021-11-17 00:09, 0.9794974874371859
mnist, D, bpda_bim, 0.2, defense_gan, 2021-11-17 00:09, 0.9709547738693467
mnist, A, bpda_bim, 0.05, defense_gan, 2021-11-17 00:09, 0.9809045226130654
mnist, B, bpda_bim, 0.05, defense_gan, 2021-11-17 00:09, 0.9561809045226131
mnist, E, bpda_bim, 0.1, defense_gan, 2021-11-17 00:09, 0.9748743718592965
mnist, C, bpda_bim, 0.2, defense_gan, 2021-11-17 00:09, 0.9785929648241206
mnist, F, bpda_bim, 0.1, defense_gan, 2021-11-17 00:09, 0.9803015075376884
mnist, D, bpda_bim, 0.3, defense_gan, 2021-11-17 00:09, 0.951356783919598
mnist, A, bpda_bim, 0.1, defense_gan, 2021-11-17 00:09, 0.9813065326633166
mnist, B, bpda_bim, 0.1, defense_gan, 2021-11-17 00:09, 0.9544723618090453
mnist, C, bpda_bim, 0.3, defense_gan, 2021-11-17 00:09, 0.9662311557788945
mnist, E, bpda_bim, 0.2, defense_gan, 2021-11-17 00:09, 0.9717587939698492
mnist, F, bpda_bim, 0.2, defense_gan, 2021-11-17 00:09, 0.9739698492462312
mnist, A, bpda_bim, 0.2, defense_gan, 2021-11-17 00:09, 0.9797989949748743
mnist, B, bpda_bim, 0.2, defense_gan, 2021-11-17 00:09, 0.9462311557788945
mnist, E, bpda_bim, 0.3, defense_gan, 2021-11-17 00:09, 0.9472361809045227
mnist, F, bpda_bim, 0.3, defense_gan, 2021-11-17 00:09, 0.9594974874371859
mnist, B, bpda_bim, 0.3, defense_gan, 2021-11-17 00:09, 0.9274371859296482
